{"cameraMode":{"drawMode":0,"name":"Shaded","section":"Shading Mode"},"sceneLighting":false,"audioPlay":false,"sceneViewState":{"showFog":true,"showMaterialUpdate":false,"showSkybox":false,"showFlares":true,"showImageEffects":true,"showParticleSystems":true},"in2DMode":false,"pivot":{"x":2.3152847290039064,"y":0.41847386956214907,"z":-2.7659969329833986},"rotation":{"x":-0.02491251938045025,"y":-0.9448359608650208,"z":0.0738324373960495,"w":-0.3182416260242462},"size":2.908327102661133,"orthographic":false}