{"cameraMode":{"drawMode":0,"name":"Shaded","section":"Shading Mode"},"sceneLighting":true,"audioPlay":false,"sceneViewState":{"showFog":true,"showMaterialUpdate":false,"showSkybox":false,"showFlares":true,"showImageEffects":true,"showParticleSystems":true},"in2DMode":false,"pivot":{"x":1.387576699256897,"y":0.9242326021194458,"z":-2.400723934173584},"rotation":{"x":0.015397340059280396,"y":0.9759088754653931,"z":-0.0733313038945198,"w":0.20494912564754487},"size":2.2208473682403566,"orthographic":false}