{"cameraMode":{"drawMode":0,"name":"Shaded","section":"Shading Mode"},"sceneLighting":false,"audioPlay":false,"sceneViewState":{"showFog":true,"showMaterialUpdate":false,"showSkybox":false,"showFlares":true,"showImageEffects":true,"showParticleSystems":true},"in2DMode":false,"pivot":{"x":0.0,"y":2.299999952316284,"z":-1.7000000476837159},"rotation":{"x":0.005880752578377724,"y":0.20610876381397248,"z":0.001196631696075201,"w":-0.978533148765564},"size":1.6185065507888795,"orthographic":false}