{"cameraMode":{"drawMode":0,"name":"Shaded","section":"Shading Mode"},"sceneLighting":false,"audioPlay":false,"sceneViewState":{"showFog":true,"showMaterialUpdate":false,"showSkybox":false,"showFlares":true,"showImageEffects":true,"showParticleSystems":true},"in2DMode":false,"pivot":{"x":0.0,"y":1.0656108856201172,"z":0.0010256469249725342},"rotation":{"x":0.015994539484381677,"y":0.9836846590042114,"z":-0.11864645034074784,"w":0.13489101827144624},"size":1.4500819444656373,"orthographic":false}