{"cameraMode":{"drawMode":0,"name":"Shaded","section":"Shading Mode"},"sceneLighting":false,"audioPlay":false,"sceneViewState":{"showFog":true,"showMaterialUpdate":false,"showSkybox":false,"showFlares":true,"showImageEffects":true,"showParticleSystems":true},"in2DMode":false,"pivot":{"x":-3.6908364295959474,"y":0.36621952056884768,"z":13.204841613769532},"rotation":{"x":-0.11939438432455063,"y":0.07478056848049164,"z":-0.008874538354575634,"w":-0.9901065230369568},"size":13.526923179626465,"orthographic":false}