{"cameraMode":{"drawMode":0,"name":"Shaded","section":"Shading Mode"},"sceneLighting":false,"audioPlay":false,"sceneViewState":{"showFog":true,"showMaterialUpdate":false,"showSkybox":false,"showFlares":true,"showImageEffects":true,"showParticleSystems":true},"in2DMode":false,"pivot":{"x":-0.029337555170059205,"y":1.6046397686004639,"z":0.4795980453491211},"rotation":{"x":-0.024288158863782884,"y":0.04139060527086258,"z":-0.001003455137833953,"w":-0.9988770484924316},"size":2.257493495941162,"orthographic":false}