{"cameraMode":{"drawMode":0,"name":"Shaded","section":"Shading Mode"},"sceneLighting":false,"audioPlay":false,"sceneViewState":{"showFog":true,"showMaterialUpdate":false,"showSkybox":false,"showFlares":true,"showImageEffects":true,"showParticleSystems":true},"in2DMode":false,"pivot":{"x":1.1847645044326783,"y":-0.1566813588142395,"z":1.4063740968704224},"rotation":{"x":0.04798991605639458,"y":0.6501560211181641,"z":-0.04123012349009514,"w":0.7571849822998047},"size":2.7505180835723879,"orthographic":false}