{"cameraMode":{"drawMode":0,"name":"Shaded","section":"Shading Mode"},"sceneLighting":false,"audioPlay":false,"sceneViewState":{"showFog":true,"showMaterialUpdate":false,"showSkybox":false,"showFlares":true,"showImageEffects":true,"showParticleSystems":true},"in2DMode":false,"pivot":{"x":-0.4544615149497986,"y":2.2625699043273927,"z":1.2420052289962769},"rotation":{"x":-0.004493979271501303,"y":0.04408181458711624,"z":-0.00022259900288190693,"w":-0.9990367293357849},"size":2.4626822471618654,"orthographic":false}