{"cameraMode":{"drawMode":0,"name":"Shaded","section":"Shading Mode"},"sceneLighting":false,"audioPlay":false,"sceneViewState":{"showFog":true,"showMaterialUpdate":false,"showSkybox":false,"showFlares":true,"showImageEffects":true,"showParticleSystems":true},"in2DMode":false,"pivot":{"x":0.19038605690002442,"y":1.0648988485336304,"z":-0.4757823944091797},"rotation":{"x":0.042180486023426059,"y":0.8488768935203552,"z":-0.06905212253332138,"w":0.5225183367729187},"size":1.0781214237213135,"orthographic":false}