{"cameraMode":{"drawMode":0,"name":"Shaded","section":"Shading Mode"},"sceneLighting":false,"audioPlay":false,"sceneViewState":{"showFog":true,"showMaterialUpdate":false,"showSkybox":false,"showFlares":true,"showImageEffects":true,"showParticleSystems":true},"in2DMode":false,"pivot":{"x":-0.4507969617843628,"y":1.3749507665634156,"z":-0.4267135560512543},"rotation":{"x":0.02797863632440567,"y":0.7414010763168335,"z":-0.031309958547353747,"w":0.6698698997497559},"size":1.0074076652526856,"orthographic":false}